{
	"riverwood": {
		"pos": [22106.24609375, -44752.68359375, -140.59170532226562],
		"angle": [16.124189376831055, 0, 47.822021484375],
		"worldOrCellDesc": "3c:Skyrim.esm"
	},
	"test": {
		"pos": [18425.634765625, -44791.6015625, -103.90460205078125],
		"angle": [25.651182174682617, 0, 279.1852722167969],
		"worldOrCellDesc": "3c:Skyrim.esm"
	},
	"default": {
		"pos": [22658.994140625, -8696.9833984375, -3594.1884765625],
		"angle": [-1.8415262699127197, 0, 267.6894836425781],
		"worldOrCellDesc": "1a26f:Skyrim.esm"
	},
	"testMine": {
		"pos": [1851.2154541015625, -352.8770446777344, -34.162654876708984],
		"angle": [30.487077713012695, 0, 0.9351274371147156],
		"worldOrCellDesc": "1b147:Skyrim.esm"
	},
	"whiterun": {
		"pos": [20304.830078125, -7426.55615234375, -3648.8466796875],
		"angle": [2.7412893772125244, 0, 93.9642562866211],
		"worldOrCellDesc": "1a26f:Skyrim.esm"
	},
	"windhelm": {
		"pos": [135018.796875, 35375.03125, -12467.0361328125],
		"angle": [1.99736487865448, 0, 352.8083190917969],
		"worldOrCellDesc": "1691d:Skyrim.esm"
	},
	"winterhold": {
		"pos": [109053.1484375, 103696.65625, -9019.5810546875],
		"angle": [1.1451971530914307, 0, 43.86578369140625],
		"worldOrCellDesc": "3c:Skyrim.esm"
	},
	"markart": {
		"pos": [-173920.25, 5351.1328125, -3391.070556640625],
		"angle": [-13.575972557067871, 0, 274.4254455566406],
		"worldOrCellDesc": "16d71:Skyrim.esm"
	},
	"solitude": {
		"pos": [-68444.9453125, 97592.859375, -12731.177734375],
		"angle": [-0.643219530582428, 0, 89.28564453125],
		"worldOrCellDesc": "3c:Skyrim.esm"
	},
	"dawnstar": {
		"pos": [28373.7, 1058080.22, -13874.06],
		"angle": [26.14, 0, 148.85],
		"worldOrCellDesc": "13a80:Skyrim.esm"
	},
	"riften": {
		"pos": [172456.875, -96491.71875, 11127.9794921875],
		"angle": [9.874471664428711, 0, 151.36392211914062],
		"worldOrCellDesc": "16bb4:Skyrim.esm"
	},
	"folkrit": {
		"pos": [-30337.591796875, -86236.6875, -3115.80908203125],
		"angle": [12.370864868164062, 0, 206.8677520751953],
		"worldOrCellDesc": "3c:Skyrim.esm"
	},
	"morthal": {
		"pos": [-39467.20703125, 68710.109375, -13663.3623046875],
		"angle": [11.438591957092285, 0, 150.40599060058594],
		"worldOrCellDesc": "3c:Skyrim.esm"
	}
}
